prompt,response
What are the three main types of galaxies according to the Hubble classification?,"The three main types are elliptical, spiral, and irregular galaxies."
What feature distinguishes a barred spiral galaxy from a regular spiral galaxy?,"A barred spiral galaxy has a central bar-shaped structure made of stars, extending from the nucleus, with spiral arms originating from the ends of the bar."
What does an elliptical galaxy typically look like?,"Elliptical galaxies appear as smooth, featureless ellipses of light and lack significant structure such as arms or bars."
What are the subtypes of spiral galaxies in the Hubble sequence?,"Spiral galaxies are sub-classified as Sa, Sb, Sc (and barred versions SBa, SBb, SBc) based on how tightly their arms are wound and the size of the central bulge."
What is a galaxy?,"A galaxy is a massive system of stars, gas, dust, dark matter, and other celestial objects bound together by gravity."
What is the Hubble tuning fork diagram?,"The Hubble tuning fork is a diagram that classifies galaxies by shape. Ellipticals (E0-E7) are on the left, and it forks into normal spirals and barred spirals on the right, with irregulars not fitting neatly into either branch."
What is an irregular galaxy?,"Irregular galaxies have no defined shape or structure. They are often the result of gravitational interactions or collisions between galaxies. The Large and Small Magellanic Clouds are examples of irregular galaxies."
What is galaxy morphology?,"Galaxy morphology refers to the study of the shape, structure, and appearance of galaxies. It includes classifying galaxies by their visual features such as arms, bars, bulges, and overall form."
What causes spiral arms in galaxies?,"Spiral arms are regions of higher star density and active star formation. They are thought to be density waves that rotate through the galactic disk, triggering the compression of gas clouds and subsequent star formation."
What is a lenticular galaxy?,"A lenticular galaxy (S0) is a type that sits between elliptical and spiral galaxies on the Hubble sequence. It has a disk and bulge like a spiral but lacks prominent spiral arms, and has little gas or star formation activity."
How are elliptical galaxies classified?,"Elliptical galaxies are classified from E0 (nearly circular) to E7 (highly elongated). The number reflects the apparent ellipticity, not the true three-dimensional shape."
What is the difference between Sa and Sc spiral galaxies?,"Sa spirals have tightly wound arms and a large central bulge with older stars. Sc spirals have loosely wound arms, a smaller bulge, and more active star formation and younger blue stars."
What is a dwarf galaxy?,"A dwarf galaxy is a small galaxy with a few billion stars, compared to the Milky Way's hundreds of billions. They are the most common type of galaxy in the universe and often orbit larger galaxies."
What is a peculiar galaxy?,"A peculiar galaxy is one that does not fit neatly into the standard Hubble classification due to unusual features, often caused by gravitational interactions, mergers, or tidal distortions from a nearby galaxy."
What is a ring galaxy?,"A ring galaxy has a ring-like structure of stars surrounding a central nucleus. They typically form when a smaller galaxy passes through the center of a larger one, creating a wave of star formation in a ring shape."
What is the Milky Way galaxy type?,"The Milky Way is classified as a barred spiral galaxy (SBbc), meaning it has a central bar of stars from which two major spiral arms extend."
What is an active galactic nucleus (AGN)?,"An AGN is a compact, highly luminous region at the center of some galaxies powered by accretion of matter onto a supermassive black hole. AGNs can outshine the rest of the galaxy and include quasars, Seyfert galaxies, and blazars."
What is a starburst galaxy?,"A starburst galaxy is undergoing an exceptionally high rate of star formation, often triggered by a galaxy merger or interaction. These galaxies are very bright in infrared light due to dust heated by young massive stars."
What is redshift and how does it relate to galaxies?,"Redshift occurs when light from a galaxy is stretched to longer wavelengths as the galaxy moves away from us. It is used to measure the distance and recession speed of galaxies, confirming the expansion of the universe."
What is galaxy classification used for in astronomy?,"Galaxy classification helps astronomers understand galaxy formation, evolution, and the large-scale structure of the universe. Different morphological types have different star formation histories, stellar populations, and dark matter distributions."
What are the visual features used to classify a galaxy?,"Key visual features include the presence and tightness of spiral arms, the size and brightness of the central bulge, the presence of a bar, overall shape, and whether the galaxy has a disk component."
What is a cD galaxy?,"A cD galaxy is a giant elliptical galaxy found at the center of galaxy clusters. They are among the largest and most luminous galaxies in the universe and grow by cannibalizing smaller galaxies through a process called galactic cannibalism."
What is galaxy merger?,"A galaxy merger is when two or more galaxies come close enough that gravity pulls them together into a single galaxy. Mergers can dramatically change the morphology of both galaxies, often turning spirals into ellipticals."
What is the difference between a spiral and a barred spiral galaxy?,"In a normal spiral galaxy, the arms originate directly from the central bulge. In a barred spiral, the arms extend from the ends of a bar-shaped structure of stars that passes through the nucleus."
What are globular clusters and how do they relate to galaxy morphology?,"Globular clusters are dense spherical groups of old stars that orbit a galaxy's halo. Elliptical galaxies tend to have large numbers of globular clusters, which are relics of early galaxy formation."
What is star formation rate and how does it differ across galaxy types?,"Star formation rate (SFR) measures how many solar masses of stars form per year. Irregular and spiral galaxies have high SFRs due to abundant gas, while elliptical galaxies have very low SFRs as they have consumed most of their gas."
What is the color of different galaxy types and what does it indicate?,"Elliptical galaxies appear red or yellow due to old, cool stars. Spiral galaxies show blue spiral arms from young, hot stars and redder central bulges. Color is a proxy for stellar age and star formation activity."
What is a Seyfert galaxy?,"A Seyfert galaxy is a type of spiral galaxy with an extremely luminous nucleus caused by an active galactic nucleus. They are divided into Type 1 and Type 2 based on the width of their spectral emission lines."
What is the role of dark matter in galaxy morphology?,"Dark matter makes up most of a galaxy's mass and influences its rotation curve, structure, and how it forms. The distribution of dark matter affects whether a galaxy develops a disk, spiral arms, or remains elliptical."
What is a polar ring galaxy?,"A polar ring galaxy is a rare type where an outer ring of stars, gas, and dust orbits the galaxy at nearly a right angle to the main disk. They are thought to form from galaxy mergers or the accretion of material."
How does galaxy environment affect its morphology?,"Galaxies in dense cluster environments tend to be elliptical or lenticular, while isolated galaxies are more often spiral. Interactions with neighbors through tidal forces, ram-pressure stripping, and mergers transform galaxy shapes over time."
What is ram-pressure stripping?,"Ram-pressure stripping occurs when a galaxy moves through the hot gas of a galaxy cluster. The pressure strips cold gas from the galaxy, shutting down star formation and eventually transforming it from a spiral into a lenticular or elliptical galaxy."
What is morphological quenching?,"Morphological quenching is the process by which the growth of a large central bulge stabilizes a galaxy's disk against fragmentation, suppressing star formation even when gas is still present."
What is the de Vaucouleurs classification system?,"The de Vaucouleurs system extends Hubble's classification by adding more detail, including ring features (r), s-shaped spirals (s), and mixed types (rs). It also extends the spiral sequence to Sd and Sm types for very late spirals."
What is the difference between field galaxies and cluster galaxies?,"Field galaxies exist in relative isolation and are more commonly spiral. Cluster galaxies are in dense environments and tend to be elliptical or lenticular due to environmental processes that strip gas and suppress star formation."
